<?xml version="1.0" encoding="UTF-8"?>
<project-private xmlns="http://www.netbeans.org/ns/project-private/1">
    <editor-bookmarks xmlns="http://www.netbeans.org/ns/editor-bookmarks/2" lastBookmarkId="0"/>
    <open-files xmlns="http://www.netbeans.org/ns/projectui-open-files/2">
        <group>
            <file>file:/C:/Users/USER/Documents/NetBeansProjects/FertilizerSeedDistributionSystem/src/com/fertilizersystem/Main.java</file>
            <file>file:/C:/Users/USER/Documents/NetBeansProjects/FertilizerSeedDistributionSystem/src/com/fertilizersystem/dao/DatabaseConnection.java</file>
            <file>file:/C:/Users/USER/Documents/NetBeansProjects/FertilizerSeedDistributionSystem/src/com/fertilizersystem/model/FertilizerSupplier.java</file>
            <file>file:/C:/Users/USER/Documents/NetBeansProjects/FertilizerSeedDistributionSystem/src/com/fertilizersystem/model/Product.java</file>
            <file>file:/C:/Users/USER/Documents/NetBeansProjects/FertilizerSeedDistributionSystem/src/com/fertilizersystem/model/RetailCustomer.java</file>
            <file>file:/C:/Users/USER/Documents/NetBeansProjects/FertilizerSeedDistributionSystem/src/com/fertilizersystem/model/SalesOrder.java</file>
            <file>file:/C:/Users/USER/Documents/NetBeansProjects/FertilizerSeedDistributionSystem/src/com/fertilizersystem/util/Validator.java</file>
            <file>file:/C:/Users/USER/Documents/NetBeansProjects/FertilizerSeedDistributionSystem/src/com/fertilizersystem/dao/FertilizerSupplierDAO.java</file>
            <file>file:/C:/Users/USER/Documents/NetBeansProjects/FertilizerSeedDistributionSystem/src/com/fertilizersystem/dao/ProductDAO.java</file>
            <file>file:/C:/Users/USER/Documents/NetBeansProjects/FertilizerSeedDistributionSystem/src/com/fertilizersystem/dao/RetailCustomerDAO.java</file>
            <file>file:/C:/Users/USER/Documents/NetBeansProjects/FertilizerSeedDistributionSystem/src/com/fertilizersystem/dao/SalesOrderDAO.java</file>
            <file>file:/C:/Users/USER/Documents/NetBeansProjects/FertilizerSeedDistributionSystem/src/com/fertilizersystem/controller/ReportController.java</file>
            <file>file:/C:/Users/USER/Documents/NetBeansProjects/FertilizerSeedDistributionSystem/src/com/fertilizersystem/view/LoginForm.java</file>
            <file>file:/C:/Users/USER/Documents/NetBeansProjects/FertilizerSeedDistributionSystem/src/com/fertilizersystem/view/DashboardForm.java</file>
            <file>file:/C:/Users/USER/Documents/NetBeansProjects/FertilizerSeedDistributionSystem/src/com/fertilizersystem/view/SupplierForm.java</file>
            <file>file:/C:/Users/USER/Documents/NetBeansProjects/FertilizerSeedDistributionSystem/src/com/fertilizersystem/view/ProductForm.java</file>
            <file>file:/C:/Users/USER/Documents/NetBeansProjects/FertilizerSeedDistributionSystem/src/com/fertilizersystem/view/CustomerForm.java</file>
        </group>
    </open-files>
</project-private>
